Workbook

Sheet MASTER
A1: 1 | B1: MANUTEN€ÇO ELTRICA COMPLEMENTAR DO BLOCO 02 | E1: 369213.73
A2: 001-001 | B2: COMPLEMENTO | D2: 0 | E2: 1856.8
A3: 01-22-01-020 C H | B3: REMO€ÇO DE FORRO DE GESSO, DE FORMA MANUAL, SEM REAPROVEITAMENTO. AF_09/2023 CS: 97641 | C3: M2 | D3: 220 | E3: 2.62 | F3: 576.4
A4: 01-19-11-002 C H | B4: RODAP EM MARMORITE, ALTURA 10CM. AF_09/2020 CS: 101741 | C4: M | D4: 60 | E4: 21.34 | F4: 1280.4
A5: 001-002 | B5: FORRO | D5: 0 | E5: 16463.4
A6: 63-19-01-303 O H | B6: FORRO ACéSTICO DE FIBRA MINERAL REMOVÖVEL, MODULA€ÇO 625 X 1250MM,APOIADO EM PERFIS METµLICOS TIPO T SUSPENSOS POR PERFIS RÖGIDOS,E=15MM | C6: M2 | D6: 180 | E6: 67.37 | F6: 12126.6
A7: 64-23-74-016 O H | B7: RODAP EM POLIESTIRENO BRANCO 2,40M, H=10CM SANTA LUZIA OU EQUIVALENTE TCNICO - FORNECIMENTO E INSTALA€ÇO | C7: M | D7: 60 | E7: 72.28 | F7: 4336.8
A8: 001-003 | B8: ACABAMENTO | D8: 0 | E8: 30942.5
A9: 62-23-65-080 O H | B9: REGULARIZA€ÇO DE BASE PARA PISOS C/ ARGAMASSA DE ALTA RESISTÒNCIA, TRA€O 1:3 | C9: M2 | D9: 150 | E9: 51.85 | F9: 7777.5
A10: 01-19-03-008 C H | B10: REVESTIMENTO CER¶MICO PARA PISO COM PLACAS TIPO ESMALTADA DE DIMENSåES 60X60 CMAPLICADA EM AMBIENTES DE µREA ENTRE 5 M2 E 10 M2. AF_02/2023_PE CS: 87256 | C10: M2 | D10: 150 | E10: 53.25 | F10: 7987.5
A11: 63-21-05-040 O H | B11: REJUNTAMENTO DE PISO CER¶MICO, COM CIMENTO BRANCO PARA JUNTAS DE AT 3MM | C11: M2 | D11: 150 | E11: 11.22 | F11: 1683
A12: 01-18-02-002 C H | B12: LIXAMENTO DE MASSA PARA MADEIRA. AF_01/2021 CS: 102194 | C12: M2 | D12: 200 | E12: 7.39 | F12: 1478
A13: 64-23-74-017 O H | B13: EMASSAMENTO DE PAREDES INTERNAS C/ MASSA ACRÖLICA DUAS DEMÇOS | C13: M2 | D13: 200 | E13: 17.12 | F13: 3424
A14: 64-23-74-173 O H | B14: APLICA€ÇO MANUAL DE PINTURA COM TINTA LµTEX ACRÖLICA CORAL OU EQUIVALENTE TCNICA, EM PAREDES EXTERNAS, DUAS DEMÇOS | C14: M2 | D14: 350 | E14: 24.55 | F14: 8592.5
A15: 001-004 | B15: INSTALAÇÕES ELÉTRICAS | D15: 0 | E15: 130385.17
A16: 62-23-68-005 O H | B16: CAIXA DE MEDI€ÇO TC PADRÇO COELBA,DIMEN-SÇO (2,00 X 0,80 X 0,30)M - FORNECIMENTO E INSTALA€ÇO | C16: UN | D16: 1 | E16: 1855.2 | F16: 1855.2
A17: 64-23-74-014 O H | B17: QUADRO GERAL DE BAIXA TENSÇO - QGBT,COMACABAMENTO EM PINTURA ELETROSTµTICA ABASE DE RESINA EPàXI,IP54,BARRAMENTOS COM TERMOCONTRµTIL,CHAPA DE A€O 12(ESTRUTURA) E 14(FECHAMENTO) - INSTALADO | C17: UN | D17: 1 | E17: 9417.96 | F17: 9417.96
A18: 01-11-03-022 C H | B18: CABO DE COBRE FLEXÖVEL ISOLADO, 120 MMý, ANTI-CHAMA 0,6/1,0 KV, PARA REDE ENTERRADA DE DISTRIBUI€ÇO DE ENERGIA ELTRICA- FORNECIMENTO E INSTALA€ÇO. AF_12/2021CS: 92994 | C18: M | D18: 600 | E18: 104.13 | F18: 62478
A19: 01-11-01-041 C H | B19: ELETRODUTO RÖGIDO ROSCµVEL, PVC, DN 110MM (4), PARA REDE ENTERRADA DE DISTRIBUI€ÇO DE ENERGIA ELTRICA - FORNECIMENTO E INSTALA€ÇO. AF_12/2021 CS: 93012 | C19: M | D19: 250 | E19: 52.21 | F19: 13052.5
A20: 63-23-90-011 O H | B20: ESCAVA€ÇO MANUAL DE VALA OU CAVA EM MATERIAL DE 1¦ CATEGORIA, PROFUNDIDADE AT 1,50M - ORSE: 02497 | C20: M3 | D20: 90 | E20: 55.75 | F20: 5017.5
A21: 66-23-68-006 U H | B21: REATERRO DE VALA COM COMPACTA€ÇO MANUAL | C21: M3 | D21: 70 | E21: 55.75 | F21: 3902.5
A22: 01-11-05-042 C H | B22: DISJUNTOR TERMOMAGNTICO TRIPOLAR , CORRENTE NOMINAL DE 250A - FORNECIMENTO E INSTALA€ÇO. AF_10/2020 CS: 101897 | C22: UN | D22: 2 | E22: 780.04 | F22: 1560.08
A23: 01-11-08-050 C H | B23: ARMA€ÇO SECUNDµRIA, COM 1 ESTRIBO E 1 ISOLADOR - FORNECIMENTO E INSTALA€ÇO. AF_07/2020 CS: 101538 | C23: UN | D23: 1 | E23: 51.19 | F23: 51.19
A24: 01-11-13-006 C H | B24: CORDOALHA DE COBRE NU 70 MMý, ENTERRADA- FORNECIMENTO E INSTALA€ÇO. AF_08/2023CS: 96978 | C24: M | D24: 190 | E24: 60.79 | F24: 11550.1
A25: 62-23-65-117 U H | B25: CONECTOR CABO-HASTE EM BRONZE NATURAL PARA 1 CABO COBRE DE 16MM2 A 70MM2 COM GRAMPO U E PORCAS DE A€O GALV.REF:TEL-584 OU SIMILAR - FORNECIMENTO E INSTALA€ÇO | C25: UN | D25: 14 | E25: 28.9 | F25: 404.6
A26: 63-21-05-016 O H | B26: HASTE DE ATERRAMENTO COPPERWELD, DIMENSåES DE 5/8X 3,00M,C/ CAIXA DE INSPE€ÇOEM POPIPROPILENO E TUBO ESGOTO 300MM | C26: UN | D26: 12 | E26: 273.24 | F26: 3278.88
A27: 63-21-05-014 O H | B27: QUADRO DE DISTRIBUI€ÇO DE LUZ EM CHAPA DE A€O DE SOBREPOR, AT 64 DIVISåES MODULARES, DIMENSåES EXTERNAS 973X405X95MM SEM BARRAMENTO | C27: UN | D27: 3 | E27: 1901.24 | F27: 5703.72
... A36: 62-23-65-094 O H | B36: PLACA DE SINALIZA€ÇO DE RISCO DE CHOQUEELTRICO PARA SUBESTA€ÇO - FORNECIMENTO E INSTALA€ÇO | C36: UN | D36: 2 | E36: 29.66 | F36: 59.32
A37: 001-005 | B37: COMPLEMENTO - GUARITA | D37: 0 | E37: 362.02
A38: 01-22-01-020 C H | B38: REMO€ÇO DE FORRO DE GESSO, DE FORMA MANUAL, SEM REAPROVEITAMENTO. AF_09/2023 CS: 97641 | C38: M2 | D38: 16 | E38: 2.62 | F38: 41.92
A39: 01-19-11-002 C H | B39: RODAP EM MARMORITE, ALTURA 10CM. AF_09/2020 CS: 101741 | C39: M | D39: 15 | E39: 21.34 | F39: 320.1
A40: 001-006 | B40: ACABAMENTO | D40: 0 | E40: 16148.15
A41: 63-19-01-303 O H | B41: FORRO ACéSTICO DE FIBRA MINERAL REMOVÖVEL, MODULA€ÇO 625 X 1250MM,APOIADO EM PERFIS METµLICOS TIPO T SUSPENSOS POR PERFIS RÖGIDOS,E=15MM | C41: M2 | D41: 22 | E41: 67.37 | F41: 1482.14
A42: 64-23-74-016 O H | B42: RODAP EM POLIESTIRENO BRANCO 2,40M, H=10CM SANTA LUZIA OU EQUIVALENTE TCNICO - FORNECIMENTO E INSTALA€ÇO | C42: M | D42: 18 | E42: 72.28 | F42: 1301.04
A43: 62-23-65-080 O H | B43: REGULARIZA€ÇO DE BASE PARA PISOS C/ ARGAMASSA DE ALTA RESISTÒNCIA, TRA€O 1:3 | C43: M2 | D43: 16 | E43: 51.85 | F43: 829.6
A44: 01-19-03-008 C H | B44: REVESTIMENTO CER¶MICO PARA PISO COM PLACAS TIPO ESMALTADA DE DIMENSåES 60X60 CMAPLICADA EM AMBIENTES DE µREA ENTRE 5 M2 E 10 M2. AF_02/2023_PE CS: 87256 | C44: M2 | D44: 16 | E44: 53.25 | F44: 852
A45: 63-21-05-040 O H | B45: REJUNTAMENTO DE PISO CER¶MICO, COM CIMENTO BRANCO PARA JUNTAS DE AT 3MM | C45: M2 | D45: 16 | E45: 11.22 | F45: 179.52
A46: 64-23-74-017 O H | B46: EMASSAMENTO DE PAREDES INTERNAS C/ MASSA ACRÖLICA DUAS DEMÇOS | C46: M2 | D46: 30 | E46: 17.12 | F46: 513.6
A47: 01-13-06-102 C H | B47: VASO SANITµRIO SIFONADO COM CAIXA ACOPLADA, LOU€A BRANCA - PADRÇO ALTO - FORNECIMENTO E INSTALA€ÇO. AF_01/2020 CS: 100878 | C47: UN | D47: 1 | E47: 543.54 | F47: 543.54
A48: 01-13-06-077 C H | B48: ASSENTO SANITµRIO CONVENCIONAL - FORNECIMENTO E INSTALACAO. AF_01/2020 CS: 100849 | C48: UN | D48: 5 | E48: 29.54 | F48: 147.7
A49: 01-13-06-081 C H | B49: TORNEIRA CROMADA DE MESA PARA LAVATàRIOCOM SENSOR DE PRESENCA. AF_01/2020 CS: 100854 | C49: UN | D49: 2 | E49: 1527.29 | F49: 3054.58
A50: 01-13-06-058 C H | B50: LAVATàRIO LOU€A BRANCA COM COLUNA, 45 X55CM OU EQUIVALENTE, PADRÇO MDIO, INCLUSO SIFÇO TIPO GARRAFA, VµLVULA E ENGATEFLEXÖVEL DE 40CM EM METAL CROMADO, COM APARELHO MISTURADOR PADRÇO MDIO - FORNEC | C50: UN | D50: 1 | E50: 860.66 | F50: 860.66
A51: 01-13-06-062 C H | B51: BANCADA MµRMORE BRANCO, 50 X 60 CM, INCLUSO CUBA DE EMBUTIR OVAL EM LOU€A BRANCA 35 X 50 CM, VµLVULA, SIFÇO TIPO GARRAFA E ENGATE FLEXÖVEL 40 CM EM METAL CROMADO E APARELHO MISTURADOR DE MESA, PADRÇO | C51: UN | D51: 1 | E51: 905.09 | F51: 905.09
A52: 01-13-06-074 C H | B52: KIT DE ACESSORIOS PARA BANHEIRO EM METAL CROMADO, 5 PECAS, INCLUSO FIXA€ÇO. AF_01/2020 CS: 95546 | C52: UN | D52: 1 | E52: 98.98 | F52: 98.98
... A56: 66-24-20-801 O H | B56: CHUVEIRO ELETRâNICO, 127 (5500W) OU 220V(7800W), LORENZETTI ACQUA STORM ULTRA OU SIMILAR TCNICO -FORNECIMENTO E INSTALA€ÇO | C56: UN | D56: 1 | E56: 400.49 | F56: 400.49
A57: 001-007 | B57: INSTALAÇÃO ELÉTRICA | D57: 0 | E57: 20673.68
A58: 62-23-65-118 U H | B58: LUMINµRIA COMPLETA DE SOBREPOR COM 2 L¶MPADAS TUBULARES LED DE 18W E CORPO EM CHAPA DE A€O TRATADA COM PINTURA ELETROSTµTICA, DOTADAS DE REFLETOR E ALETAS EM ALUMÖNIO DE ALTO BRILHO | C58: UN | D58: 25 | E58: 244.83 | F58: 6120.75
A59: 64-23-74-080 O H | B59: PONTO SECO PARA INSTALA€ÇO DE SOM,TV,ALARME E LàGICA, INCLUINDO ELETRODUTODE PVC RÖGIDO E CAIXA COM ESPELHO | C59: UN | D59: 4 | E59: 99.74 | F59: 398.96
A60: 01-11-03-008 C H | B60: CABO DE COBRE FLEXÖVEL ISOLADO, 6 MMý, ANTI-CHAMA 0,6/1,0 KV, PARA CIRCUITOS TERMINAIS - FORNECIMENTO E INSTALA€ÇO. AF_03/2023 CS: 91931 | C60: M | D60: 250 | E60: 8.29 | F60: 2072.5
A61: 01-11-03-003 C H | B61: CABO DE COBRE FLEXÖVEL ISOLADO, 2,5 MMý, ANTI-CHAMA 450/750 V, PARA CIRCUITOS TERMINAIS - FORNECIMENTO E INSTALA€ÇO. AF_03/2023 CS: 91926 | C61: M | D61: 750 | E61: 3.57 | F61: 2677.5
A62: 63-21-05-014 O H | B62: QUADRO DE DISTRIBUI€ÇO DE LUZ EM CHAPA DE A€O DE SOBREPOR, AT 64 DIVISåES MODULARES, DIMENSåES EXTERNAS 973X405X95MM SEM BARRAMENTO | C62: UN | D62: 1 | E62: 1901.24 | F62: 1901.24
A63: 01-11-01-026 C H | B63: ELETRODUTO RÖGIDO ROSCµVEL, PVC, DN 25 MM (3/4), PARA CIRCUITOS TERMINAIS, INSTALADO EM FORRO - FORNECIMENTO E INSTALA€ÇO. AF_03/2023 CS: 91863 | C63: M | D63: 150 | E63: 9.08 | F63: 1362
A64: 63-21-03-026 O H | B64: ABRA€ADEIRA EM A€O TIPO D, COM CUNHA, PARA ELETRODUTOS DN 1, INCLUSIVE ACESSàRIOS DE FIXA€ÇO - FORNECIMENTO E INSTALA€ÇO | C64: UN | D64: 200 | E64: 6.32 | F64: 1264
A65: 01-11-02-015 C H | B65: CURVA 90 GRAUS PARA ELETRODUTO, PVC, ROSCµVEL, DN 25 MM (3/4), PARA CIRCUITOS TERMINAIS, INSTALADA EM FORRO - FORNECIMENTO E INSTALA€ÇO. AF_03/2023 CS: 91890 | C65: UN | D65: 22 | E65: 11.35 | F65: 249.7
A66: 01-11-02-002 C H | B66: LUVA PARA ELETRODUTO, PVC, ROSCµVEL, DN25 MM (3/4), PARA CIRCUITOS TERMINAIS, INSTALADA EM FORRO - FORNECIMENTO E INSTALA€ÇO. AF_03/2023 CS: 91875 | C66: UN | D66: 35 | E66: 7.09 | F66: 248.15
A67: 64-23-74-160 O H | B67: BOX RETO EM ALUMÖNIO DI¶METRO 1- FORNECIMENTO E INSTALA€ÇO | C67: UN | D67: 60 | E67: 8.7 | F67: 522
A68: 63-21-05-048 O H | B68: DISPOSITIVO DE PROTE€ÇO CONTRA SURTO DETENSÇO DPS 20KA - 275V - CLAMPER OU SIMILAR - FORNECIMENTO E INSTALA€ÇO | C68: UN | D68: 4 | E68: 89.67 | F68: 358.68
A69: 62-23-68-040 U H | B69: ETIQUETA ADESIVA COM IDENTIFICA€ÇO DE VOLTAGEM CABO DE REDE E TV, ROTEADOR, SOM, FIOS, CONECTORES E ETC | C69: UN | D69: 14 | E69: 0.8 | F69: 11.2
... A71: 62-23-65-115 U H | B71: BUCHA COM ARRUELA ALUMINIO 1. 1/2, PARAELETRODUTO - FORNECIMENTO E INSTALA€ÇO | C71: UN | D71: 500 | E71: 4.67 | F71: 2335
A72: 001-008 | B72: LÓGICA | D72: 0 | E72: 48598.46
A73: 66-23-68-038 O H | B73: TOMADA DUPLA PARA LàGICA RJ45, CAT.6,COMCAIXA PVC, SOBREPOR, COMPLETA | C73: UN | D73: 27 | E73: 62.91 | F73: 1698.57
A74: 64-23-74-148 O H | B74: CONECTOR RJ45 FÒMEA - CAT 6 - FORNECIMENTO E INSTALA€ÇO ORSE:07164 | C74: UN | D74: 27 | E74: 28.15 | F74: 760.05
A75: 64-23-74-092 O H | B75: CONECTORIZA€ÇO (CRIMPAGEM)DE CABO UTPCAT 6 EM PATCH PAINEL | C75: UN | D75: 50 | E75: 5.48 | F75: 274
A76: 62-23-65-165 U H | B76: CERTIFICA€ÇO DE REDE CAT 6 | C76: PTO | D76: 50 | E76: 20.2 | F76: 1010
A77: 01-11-01-034 C H | B77: ELETRODUTO RÖGIDO ROSCµVEL, PVC, DN 25 MM (3/4), PARA CIRCUITOS TERMINAIS, INSTALADO EM PAREDE - FORNECIMENTO E INSTALA€ÇO. AF_03/2023 CS: 91871 | C77: M | D77: 200 | E77: 11.71 | F77: 2342
A78: 01-11-02-031 C H | B78: CURVA 90 GRAUS PARA ELETRODUTO, PVC, ROSCµVEL, DN 25 MM (3/4), PARA CIRCUITOS TERMINAIS, INSTALADA EM PAREDE - FORNECIMENTO E INSTALA€ÇO. AF_03/2023 CS: 91914 | C78: UN | D78: 20 | E78: 15.41 | F78: 308.2
A79: 01-11-02-010 C H | B79: LUVA PARA ELETRODUTO, PVC, ROSCµVEL, DN25 MM (3/4), PARA CIRCUITOS TERMINAIS, INSTALADA EM PAREDE - FORNECIMENTO E INSTALA€ÇO. AF_03/2023 CS: 91884 | C79: UN | D79: 40 | E79: 9.82 | F79: 392.8
A80: 67-23-68-027 O H | B80: ABRA€ADEIRA EM PVC PARA ELETRODUTO PARACONDULETE =3/4, INCLUINDO BUCHA E PARAFUSO | C80: UN | D80: 200 | E80: 7.99 | F80: 1598
A81: 63-09-01-001 U H | B81: ELETROCALHA PERFURADA EM A€O GALVANIZADO 150X100X3000MM COM TAMPA - FORNECIMENTOE INSTALA€ÇO | C81: UN | D81: 18 | E81: 67.74 | F81: 1219.32
A82: 63-09-01-020 U H | B82: EMENDA PARA ELETROCALHA 150X100MM - FORNECIMENTO E INSTALA€ÇO | C82: UN | D82: 5 | E82: 18.25 | F82: 91.25
A83: 64-23-74-007 O H | B83: FIXA€ÇO PARA ELETROCALHA 150X100MM,COMSUPORTE , TIRANTE E PARAFUSO - FORNECIMENTO E INSTALA€ÇO | C83: UN | D83: 18 | E83: 36.93 | F83: 664.74
A84: 63-09-01-008 U H | B84: CURVA 90§ VERTICAL PARA ELETROCALHA 150X100MM - FORNECIMENTO E INSTALA€ÇO | C84: UN | D84: 1 | E84: 45.11 | F84: 45.11
... A99: 62-23-65-115 U H | B99: BUCHA COM ARRUELA ALUMINIO 1. 1/2, PARAELETRODUTO - FORNECIMENTO E INSTALA€ÇO | C99: UN | D99: 200 | E99: 4.67 | F99: 934
A100: 001-009 | B100: COBERTURA | D100: 0 | E100: 4868
A101: 64-23-74-172 O H | B101: COBERTURA EM TELHA CERAMICA TIPO PAULISTA, COM ARGAMASSA TRACO 1:3 (CIMENTO E ARAREIA) E ARAME RECOZIDO | C101: M2 | D101: 50 | E101: 97.36 | F101: 4868
A102: 001-010 | B102: DIVERSOS | D102: 0 | E102: 98915.55
A103: 63-19-01-301 O H | B103: LIMPEZA FINAL DA OBRA (9537) | C103: M2 | D103: 450 | E103: 3.19 | F103: 1435.5
A104: 64-23-74-183 O H | B104: CARGA MANUAL DE ENTULHO EM CAMINHAO BASCULANTE 6 M3 (72897) | C104: M3 | D104: 350 | E104: 26.53 | F104: 9285.5
A105: 01-15-06-001 C H | B105: TRANSPORTE COM CAMINHÇO BASCULANTE DE 6Mü, EM VIA URBANA EM LEITO NATURAL (UNIDADE: TXKM). AF_07/2020 CS: 97916 | C105: TXK | D105: 7500 | E105: 2.05 | F105: 15375
A106: 01-21-02-014 C H | B106: TRANSPORTE HORIZONTAL COM JERICA DE 60 L, DE MASSA/ GRANEL (UNIDADE: M3XKM). AF_07/2019 CS: 100205 | C106: M3X | D106: 12 | E106: 1269.4 | F106: 15232.8
A107: 63-21-04-001 O H | B107: TRANSPORTE VERTICAL MANUAL DE MATERIAISA GRANEL,COM CARRINHO OU GERICA,DO TRREO AT A 3A. LAJE | C107: M3 | D107: 112.5 | E107: 110.58 | F107: 12440.25
A108: 02-01-01-002 O H | B108: ADICIONAL DE HORA EXTRA AOS DOMINGOS EFERIADOS DE 110% - AJUDANTE ESPECIALIZADO COM COMPLEMENTARES CS:88243 | C108: H | D108: 350 | E108: 21.66 | F108: 7581
A109: 02-01-01-018 O H | B109: ADICIONAL DE HORA EXTRA AOS SµBADOS 70%- AJUDANTE ESPECIALIZADO COM ENCARGOSCOMPLEMENTARESCS:88243 | C109: H | D109: 350 | E109: 13.79 | F109: 4826.5
A110: 02-01-01-001 O H | B110: ADICIONAL DE HORA EXTRA AOS DOMINGOS EFERIADOS DE 110% - PEDREIRO COM ENCARGOSCOMPLEMENTARES CS:88309 | C110: H | D110: 350 | E110: 28.4 | F110: 9940
A111: 02-01-01-017 O H | B111: ADICIONAL DE HORA EXTRA AOS SµBADOS 70%- PEDREIRO COM ENCARGOS COMPLEMENTARESCS:88309 | C111: H | D111: 350 | E111: 18.07 | F111: 6324.5
A112: 02-01-01-010 O H | B112: ADICIONAL DE HORA EXTRA AOS DOMINGOS EFERIADOS DE 110% - ELETRICISTA COM ENCARGOS COMPLEMENTARES CS:88264 | C112: H | D112: 350 | E112: 28.77 | F112: 10069.5
A113: 02-01-01-024 O H | B113: ADICIONAL DE HORA EXTRA AOS SµBADOS 70%-ELETRICISTA COM ENCARGOS COMPLEMENTARESCS:88264 | C113: H | D113: 350 | E113: 18.3 | F113: 6405
A114: 2 | B114: TAXA ADMINISTRATIVA | E114: 31944.25
A115: 002-001 | B115: TAXA | D115: 0 | E115: 31944.25
A116: 02-02-01-017 O H | B116: ADMINISTRA€ÇO LOCAL PARA O.S. ENTRER$ 380.000,01 A R$ 430.000,00 | C116: UN | D116: 1 | E116: 31944.25 | F116: 31944.25
A117: CODIGO 115 | B117: DESCRIÇÃO 115 | C117: UND 115 | D117: QUANT 115
A118: CODIGO 116 | B118: DESCRIÇÃO 116 | C118: UND 116 | D118: QUANT 116
A119: CODIGO 117 | B119: DESCRIÇÃO 117 | C119: UND 117 | D119: QUANT 117
A120: CODIGO 118 | B120: DESCRIÇÃO 118 | C120: UND 118 | D120: QUANT 118
A121: CODIGO 119 | B121: DESCRIÇÃO 119 | C121: UND 119 | D121: QUANT 119
A122: CODIGO 120 | B122: DESCRIÇÃO 120 | C122: UND 120 | D122: QUANT 120
A123: CODIGO 121 | B123: DESCRIÇÃO 121 | C123: UND 121 | D123: QUANT 121
A124: CODIGO 122 | B124: DESCRIÇÃO 122 | C124: UND 122 | D124: QUANT 122
A125: CODIGO 123 | B125: DESCRIÇÃO 123 | C125: UND 123 | D125: QUANT 123
A126: CODIGO 124 | B126: DESCRIÇÃO 124 | C126: UND 124 | D126: QUANT 124
...

Sheet QDR
A2: QUADRO DURAÇÃO - RECURSOS
A4: ATIVIDADE | B4: UNID | C4: QTDE | D4: EQUIPE BASICA | I4: INDICE DA EQUIPE | K4: JORNADA H/DIA | L4: DIAS DA EQUIPE BÁSICA | M4: DURAÇÃO ADOTADA (DIAS) | N4: QTDE DE EQUIPE | O4: EQUIPE BASICA
D5: PEDREIRO | E5: CARPINTEIRO | F5: ARMADOR | G5: AJUDANTE | H5: SERVENTE | O5: PEDREIRO | P5: CARPINTEIRO | Q5: ARMADOR | R5: AJUDANTE | S5: SERVENTE
A6: Escavação | B6: M³ | C6: 190 | H6: 2 | I6: 2 | J6: h/m³ | K6: 8 | L6: =ROUNDUP((C6*I6)/K6,0) -> 48 | M6: 10 | N6: =L6/M6 -> 4.8 | O6: =N6*D6 -> 0 | P6: =N6*E6 -> 0 | Q6: =N6*F6 -> 0 | R6: =N6*G6 -> 0 | S6: =N6*H6 -> 9.6
A7: Fôrma | B7: M² | C7: 320 | E7: 1 | G7: 1 | I7: 1 | J7: h/m² | K7: 8 | L7: =ROUNDUP((C7*I7)/K7,0) -> 40 | M7: 5 | N7: =L7/M7 -> 8 | O7: =N7*D7 -> 0 | P7: =N7*E7 -> 8 | Q7: =N7*F7 -> 0 | R7: =N7*G7 -> 8 | S7: =N7*H7 -> 0
A8: Armação | B8: Kg | C8: 6000 | F8: 1 | G8: 1 | I8: 0.08 | J8: h/Kg | K8: 8 | L8: =ROUNDUP((C8*I8)/K8,0) -> 60 | M8: 12 | N8: =L8/M8 -> 5 | O8: =N8*D8 -> 0 | P8: =N8*E8 -> 0 | Q8: =N8*F8 -> 5 | R8: =N8*G8 -> 5 | S8: =N8*H8 -> 0
A9: Concreto | B9: M³ | C9: 40 | D9: 1 | H9: 8 | I9: 8 | J9: h/m³ | K9: 8 | L9: =ROUNDUP((C9*I9)/K9,0) -> 40 | M9: 8 | N9: =L9/M9 -> 5 | O9: =N9*D9 -> 5 | P9: =N9*E9 -> 0 | Q9: =N9*F9 -> 0 | R9: =N9*G9 -> 0 | S9: =N9*H9 -> 40
A10: =MASTER!B2 -> COMPLEMENTO | B10: =MASTER!C2 -> 0 | C10: =MASTER!D2 -> 0
A11: =MASTER!B3 -> REMO€ÇO DE FORRO DE GESSO, DE FORMA MANUAL, SEM REAPROVEITAMENTO. AF_09/2023 CS: 97641 | B11: =MASTER!C3 -> M2 | C11: =MASTER!D3 -> 220
A12: =MASTER!B4 -> RODAP EM MARMORITE, ALTURA 10CM. AF_09/2020 CS: 101741 | B12: =MASTER!C4 -> M | C12: =MASTER!D4 -> 60
A13: =MASTER!B5 -> FORRO | B13: =MASTER!C5 -> 0 | C13: =MASTER!D5 -> 0
A14: =MASTER!B6 -> FORRO ACéSTICO DE FIBRA MINERAL REMOVÖVEL, MODULA€ÇO 625 X 1250MM,APOIADO EM PERFIS METµLICOS TIPO T SUSPENSOS POR PERFIS RÖGIDOS,E=15MM | B14: =MASTER!C6 -> M2 | C14: =MASTER!D6 -> 180
A15: =MASTER!B7 -> RODAP EM POLIESTIRENO BRANCO 2,40M, H=10CM SANTA LUZIA OU EQUIVALENTE TCNICO - FORNECIMENTO E INSTALA€ÇO | B15: =MASTER!C7 -> M | C15: =MASTER!D7 -> 60
A16: =MASTER!B8 -> ACABAMENTO | B16: =MASTER!C8 -> 0 | C16: =MASTER!D8 -> 0
A17: =MASTER!B9 -> REGULARIZA€ÇO DE BASE PARA PISOS C/ ARGAMASSA DE ALTA RESISTÒNCIA, TRA€O 1:3 | B17: =MASTER!C9 -> M2 | C17: =MASTER!D9 -> 150
A18: =MASTER!B10 -> REVESTIMENTO CER¶MICO PARA PISO COM PLACAS TIPO ESMALTADA DE DIMENSåES 60X60 CMAPLICADA EM AMBIENTES DE µREA ENTRE 5 M2 E 10 M2. AF_02/2023_PE CS: 87256 | B18: =MASTER!C10 -> M2 | C18: =MASTER!D10 -> 150
A19: =MASTER!B11 -> REJUNTAMENTO DE PISO CER¶MICO, COM CIMENTO BRANCO PARA JUNTAS DE AT 3MM | B19: =MASTER!C11 -> M2 | C19: =MASTER!D11 -> 150
A20: =MASTER!B12 -> LIXAMENTO DE MASSA PARA MADEIRA. AF_01/2021 CS: 102194 | B20: =MASTER!C12 -> M2 | C20: =MASTER!D12 -> 200
A21: =MASTER!B13 -> EMASSAMENTO DE PAREDES INTERNAS C/ MASSA ACRÖLICA DUAS DEMÇOS | B21: =MASTER!C13 -> M2 | C21: =MASTER!D13 -> 200
... A110: =MASTER!B102 -> DIVERSOS | B110: =MASTER!C102 -> 0 | C110: =MASTER!D102 -> 0

Sheet MC - Obra
K1: =MASTER!D204 -> 21198.5 | M1: SOMA MASTER
K2: =#REF! -> #REF! | M2: SOMA MEMO C.
K4: =IF(K1<>K2,"ERRO SOMATÓRIO","OK") -> #REF!
A5: MEMÓRIA DE CÁLCULO - LEVANTAMENTO DE QUANTITATIVOS
A7: Endereço: | B7: digitar endereço | G7: Prazo: digitar
A9: 001 | B9: =MASTER!B1 -> MANUTEN€ÇO ELTRICA COMPLEMENTAR DO BLOCO 02
A11: 001-001 | B11: =MASTER!B2 -> COMPLEMENTO
A13: =MASTER!$A3 -> 01-22-01-020 C H | B13: =MASTER!$B3 -> REMO€ÇO DE FORRO DE GESSO, DE FORMA MANUAL, SEM REAPROVEITAMENTO. AF_09/2023 CS: 97641 | J13: =MASTER!D3 -> 220 | K13: =IF(I18<>J13, "ERRO", "OK") -> OK
A14: ELEMENTO | C14: COMP. | D14: ALTURA | E14: LARG. | F14: QTD | G14: ÁREA | H14: F | I14: TOTAL
F15: 220 | I15: =ROUND(PRODUCT(C15:H15),2) -> 220
I16: =ROUND(PRODUCT(C16:H16),2) -> 0
I17: =ROUND(PRODUCT(C17:H17),2) -> 0
H18: =MASTER!$C3 -> M2 | I18: =ROUND(SUM(I15:I17),2) -> 220
A20: =MASTER!$A4 -> 01-19-11-002 C H | B20: =MASTER!$B4 -> RODAP EM MARMORITE, ALTURA 10CM. AF_09/2020 CS: 101741 | J20: =MASTER!$D4 -> 60 | K20: =IF(I25<>J20, "ERRO", "OK") -> OK
A21: ELEMENTO | C21: COMP. | D21: ALTURA | E21: LARG. | F21: QTD | G21: ÁREA | H21: F | I21: TOTAL
F22: 60 | I22: =ROUND(PRODUCT(C22:H22),2) -> 60
I23: =ROUND(PRODUCT(C23:H23),2) -> 0
I24: =ROUND(PRODUCT(C24:H24),2) -> 0
H25: =MASTER!$C4 -> M | I25: =ROUND(SUM(I22:I24),2) -> 60
A27: =MASTER!$A5 -> 001-002 | B27: =MASTER!$B5 -> FORRO | J27: =MASTER!$D5 -> 0 | K27: =IF(I32<>J27, "ERRO", "OK") -> OK
A28: ELEMENTO | C28: COMP. | D28: ALTURA | E28: LARG. | F28: QTD | G28: ÁREA | H28: F | I28: TOTAL
I29: =ROUND(PRODUCT(C29:H29),2) -> 0
I30: =ROUND(PRODUCT(C30:H30),2) -> 0
I31: =ROUND(PRODUCT(C31:H31),2) -> 0
H32: =MASTER!$C5 -> 0 | I32: =ROUND(SUM(I29:I31),2) -> 0
A34: =MASTER!$A6 -> 63-19-01-303 O H | B34: =MASTER!$B6 -> FORRO ACéSTICO DE FIBRA MINERAL REMOVÖVEL, MODULA€ÇO 625 X 1250MM,APOIADO EM PERFIS METµLICOS TIPO T SUSPENSOS POR PERFIS RÖGIDOS,E=15MM | J34: =MASTER!$D6 -> 180 | K34: =IF(I39<>J34, "ERRO", "OK") -> OK
A35: ELEMENTO | C35: COMP. | D35: ALTURA | E35: LARG. | F35: QTD | G35: ÁREA | H35: F | I35: TOTAL
F36: 180 | I36: =ROUND(PRODUCT(C36:H36),2) -> 180
I37: =ROUND(PRODUCT(C37:H37),2) -> 0
I38: =ROUND(PRODUCT(C38:H38),2) -> 0
H39: =MASTER!$C6 -> M2 | I39: =ROUND(SUM(I36:I38),2) -> 180
A41: =MASTER!$A7 -> 64-23-74-016 O H | B41: =MASTER!$B7 -> RODAP EM POLIESTIRENO BRANCO 2,40M, H=10CM SANTA LUZIA OU EQUIVALENTE TCNICO - FORNECIMENTO E INSTALA€ÇO | J41: =MASTER!$D7 -> 60 | K41: =IF(I46<>J41, "ERRO", "OK") -> OK
A42: ELEMENTO | C42: COMP. | D42: ALTURA | E42: LARG. | F42: QTD | G42: ÁREA | H42: F | I42: TOTAL
F43: 60 | I43: =ROUND(PRODUCT(C43:H43),2) -> 60
I44: =ROUND(PRODUCT(C44:H44),2) -> 0
I45: =ROUND(PRODUCT(C45:H45),2) -> 0
H46: =MASTER!$C7 -> M | I46: =ROUND(SUM(I43:I45),2) -> 60
A48: =MASTER!$A8 -> 001-003 | B48: =MASTER!$B8 -> ACABAMENTO | J48: =MASTER!$D8 -> 0 | K48: =IF(I53<>J48, "ERRO", "OK") -> OK
A49: ELEMENTO | C49: COMP. | D49: ALTURA | E49: LARG. | F49: QTD | G49: ÁREA | H49: F | I49: TOTAL
I50: =ROUND(PRODUCT(C50:H50),2) -> 0
I51: =ROUND(PRODUCT(C51:H51),2) -> 0
I52: =ROUND(PRODUCT(C52:H52),2) -> 0
H53: =MASTER!$C8 -> 0 | I53: =ROUND(SUM(I50:I52),2) -> 0
A55: =MASTER!$A9 -> 62-23-65-080 O H | B55: =MASTER!$B9 -> REGULARIZA€ÇO DE BASE PARA PISOS C/ ARGAMASSA DE ALTA RESISTÒNCIA, TRA€O 1:3 | J55: =MASTER!$D9 -> 150 | K55: =IF(I60<>J55, "ERRO", "OK") -> OK
A56: ELEMENTO | C56: COMP. | D56: ALTURA | E56: LARG. | F56: QTD | G56: ÁREA | H56: F | I56: TOTAL
F57: 150 | I57: =ROUND(PRODUCT(C57:H57),2) -> 150
I58: =ROUND(PRODUCT(C58:H58),2) -> 0
I59: =ROUND(PRODUCT(C59:H59),2) -> 0
H60: =MASTER!$C9 -> M2 | I60: =ROUND(SUM(I57:I59),2) -> 150
A62: =MASTER!$A10 -> 01-19-03-008 C H | B62: =MASTER!$B10 -> REVESTIMENTO CER¶MICO PARA PISO COM PLACAS TIPO ESMALTADA DE DIMENSåES 60X60 CMAPLICADA EM AMBIENTES DE µREA ENTRE 5 M2 E 10 M2. AF_02/2023_PE CS: 87256 | J62: =MASTER!$D10 -> 150 | K62: =IF(I67<>J62, "ERRO", "OK") -> OK
A63: ELEMENTO | C63: COMP. | D63: ALTURA | E63: LARG. | F63: QTD | G63: ÁREA | H63: F | I63: TOTAL
F64: 150 | I64: =ROUND(PRODUCT(C64:H64),2) -> 150
I65: =ROUND(PRODUCT(C65:H65),2) -> 0
I66: =ROUND(PRODUCT(C66:H66),2) -> 0
H67: =MASTER!$C10 -> M2 | I67: =ROUND(SUM(I64:I66),2) -> 150
A69: =MASTER!$A11 -> 63-21-05-040 O H | B69: =MASTER!$B11 -> REJUNTAMENTO DE PISO CER¶MICO, COM CIMENTO BRANCO PARA JUNTAS DE AT 3MM | J69: =MASTER!$D11 -> 150 | K69: =IF(I74<>J69, "ERRO", "OK") -> OK
A70: ELEMENTO | C70: COMP. | D70: ALTURA | E70: LARG. | F70: QTD | G70: ÁREA | H70: F | I70: TOTAL
F71: 150 | I71: =ROUND(PRODUCT(C71:H71),2) -> 150
I72: =ROUND(PRODUCT(C72:H72),2) -> 0
I73: =ROUND(PRODUCT(C73:H73),2) -> 0
H74: =MASTER!$C11 -> M2 | I74: =ROUND(SUM(I71:I73),2) -> 150
A76: =MASTER!$A12 -> 01-18-02-002 C H | B76: =MASTER!$B12 -> LIXAMENTO DE MASSA PARA MADEIRA. AF_01/2021 CS: 102194 | J76: =MASTER!$D12 -> 200 | K76: =IF(I81<>J76, "ERRO", "OK") -> OK
A77: ELEMENTO | C77: COMP. | D77: ALTURA | E77: LARG. | F77: QTD | G77: ÁREA | H77: F | I77: TOTAL
F78: 200 | I78: =ROUND(PRODUCT(C78:H78),2) -> 200
I79: =ROUND(PRODUCT(C79:H79),2) -> 0
I80: =ROUND(PRODUCT(C80:H80),2) -> 0
H81: =MASTER!$C12 -> M2 | I81: =ROUND(SUM(I78:I80),2) -> 200
A83: =MASTER!$A13 -> 64-23-74-017 O H | B83: =MASTER!$B13 -> EMASSAMENTO DE PAREDES INTERNAS C/ MASSA ACRÖLICA DUAS DEMÇOS | J83: =MASTER!$D13 -> 200 | K83: =IF(I88<>J83, "ERRO", "OK") -> OK
A84: ELEMENTO | C84: COMP. | D84: ALTURA | E84: LARG. | F84: QTD | G84: ÁREA | H84: F | I84: TOTAL
F85: 200 | I85: =ROUND(PRODUCT(C85:H85),2) -> 200
I86: =ROUND(PRODUCT(C86:H86),2) -> 0
I87: =ROUND(PRODUCT(C87:H87),2) -> 0
H88: =MASTER!$C13 -> M2 | I88: =ROUND(SUM(I85:I87),2) -> 200
A90: =MASTER!$A14 -> 64-23-74-173 O H | B90: =MASTER!$B14 -> APLICA€ÇO MANUAL DE PINTURA COM TINTA LµTEX ACRÖLICA CORAL OU EQUIVALENTE TCNICA, EM PAREDES EXTERNAS, DUAS DEMÇOS | J90: =MASTER!$D14 -> 350 | K90: =IF(I95<>J90, "ERRO", "OK") -> OK
A91: ELEMENTO | C91: COMP. | D91: ALTURA | E91: LARG. | F91: QTD | G91: ÁREA | H91: F | I91: TOTAL
F92: 350 | I92: =ROUND(PRODUCT(C92:H92),2) -> 350
I93: =ROUND(PRODUCT(C93:H93),2) -> 0
I94: =ROUND(PRODUCT(C94:H94),2) -> 0
H95: =MASTER!$C14 -> M2 | I95: =ROUND(SUM(I92:I94),2) -> 350
A97: =MASTER!$A15 -> 001-004 | B97: =MASTER!$B15 -> INSTALAÇÕES ELÉTRICAS | J97: =MASTER!$D15 -> 0 | K97: =IF(I102<>J97, "ERRO", "OK") -> OK
A98: ELEMENTO | C98: COMP. | D98: ALTURA | E98: LARG. | F98: QTD | G98: ÁREA | H98: F | I98: TOTAL
I99: =ROUND(PRODUCT(C99:H99),2) -> 0
I100: =ROUND(PRODUCT(C100:H100),2) -> 0
I101: =ROUND(PRODUCT(C101:H101),2) -> 0
H102: =MASTER!$C15 -> 0 | I102: =ROUND(SUM(I99:I101),2) -> 0
A104: =MASTER!$A16 -> 62-23-68-005 O H | B104: =MASTER!$B16 -> CAIXA DE MEDI€ÇO TC PADRÇO COELBA,DIMEN-SÇO (2,00 X 0,80 X 0,30)M - FORNECIMENTO E INSTALA€ÇO | J104: =MASTER!$D16 -> 1 | K104: =IF(I109<>J104, "ERRO", "OK") -> OK
A105: ELEMENTO | C105: COMP. | D105: ALTURA | E105: LARG. | F105: QTD | G105: ÁREA | H105: F | I105: TOTAL
F106: 1 | I106: =ROUND(PRODUCT(C106:H106),2) -> 1
I107: =ROUND(PRODUCT(C107:H107),2) -> 0
I108: =ROUND(PRODUCT(C108:H108),2) -> 0
H109: =MASTER!$C16 -> UN | I109: =ROUND(SUM(I106:I108),2) -> 1
A111: =MASTER!$A17 -> 64-23-74-014 O H | B111: =MASTER!$B17 -> QUADRO GERAL DE BAIXA TENSÇO - QGBT,COMACABAMENTO EM PINTURA ELETROSTµTICA ABASE DE RESINA EPàXI,IP54,BARRAMENTOS COM TERMOCONTRµTIL,CHAPA DE A€O 12(ESTRUTURA) E 14(FECHAMENTO) - INSTALADO | J111: =MASTER!$D17 -> 1 | K111: =IF(I116<>J111, "ERRO", "OK") -> OK
A112: ELEMENTO | C112: COMP. | D112: ALTURA | E112: LARG. | F112: QTD | G112: ÁREA | H112: F | I112: TOTAL
F113: 1 | I113: =ROUND(PRODUCT(C113:H113),2) -> 1
I114: =ROUND(PRODUCT(C114:H114),2) -> 0
I115: =ROUND(PRODUCT(C115:H115),2) -> 0
H116: =MASTER!$C17 -> UN | I116: =ROUND(SUM(I113:I115),2) -> 1
A118: =MASTER!$A18 -> 01-11-03-022 C H | B118: =MASTER!$B18 -> CABO DE COBRE FLEXÖVEL ISOLADO, 120 MMý, ANTI-CHAMA 0,6/1,0 KV, PARA REDE ENTERRADA DE DISTRIBUI€ÇO DE ENERGIA ELTRICA- FORNECIMENTO E INSTALA€ÇO. AF_12/2021CS: 92994 | J118: =MASTER!$D18 -> 600 | K118: =IF(I123<>J118, "ERRO", "OK") -> OK
A119: ELEMENTO | C119: COMP. | D119: ALTURA | E119: LARG. | F119: QTD | G119: ÁREA | H119: F | I119: TOTAL
F120: 600 | I120: =ROUND(PRODUCT(C120:H120),2) -> 600
...

Sheet DADOS TRATADOS
A1: ITEM | B1: DESCRIÇÃO | C1: UND | D1: QTD
